{"cameraMode":{"drawMode":0,"name":"Shaded","section":"Shading Mode"},"sceneLighting":false,"audioPlay":false,"sceneViewState":{"m_AlwaysRefresh":false,"showFog":true,"showSkybox":false,"showFlares":true,"showImageEffects":true,"showParticleSystems":true,"showVisualEffectGraphs":true,"m_FxEnabled":true},"in2DMode":false,"pivot":{"x":32.453712463378909,"y":-12.524301528930664,"z":0.25913238525390627},"rotation":{"x":-0.0014999719569459558,"y":0.005999957211315632,"z":0.000008999942110676784,"w":0.9999808073043823},"size":171.9434356689453,"orthographic":true}