{"cameraMode":{"drawMode":0,"name":"Shaded","section":"Shading Mode"},"sceneLighting":false,"audioPlay":false,"sceneViewState":{"m_AlwaysRefresh":false,"showFog":true,"showSkybox":false,"showFlares":true,"showImageEffects":true,"showParticleSystems":true,"showVisualEffectGraphs":true,"m_FxEnabled":true},"in2DMode":false,"pivot":{"x":0.06222378462553024,"y":6.521350383758545,"z":0.5865914225578308},"rotation":{"x":0.3435554802417755,"y":0.03802041709423065,"z":-0.013921622186899186,"w":0.9382606744766235},"size":1.710930347442627,"orthographic":false}