{"cameraMode":{"drawMode":0,"name":"Shaded","section":"Shading Mode"},"sceneLighting":false,"audioPlay":false,"sceneViewState":{"m_AlwaysRefresh":false,"showFog":true,"showSkybox":false,"showFlares":true,"showImageEffects":true,"showParticleSystems":true,"showVisualEffectGraphs":true,"m_FxEnabled":true},"in2DMode":false,"pivot":{"x":-0.5896347165107727,"y":6.692370891571045,"z":-2.3219008445739748},"rotation":{"x":0.14189310371875764,"y":0.04156218469142914,"z":-0.005962974391877651,"w":0.9889921545982361},"size":1.258331537246704,"orthographic":false}