{"cameraMode":{"drawMode":0,"name":"Shaded","section":"Shading Mode"},"sceneLighting":false,"audioPlay":false,"sceneViewState":{"m_AlwaysRefresh":false,"showFog":true,"showSkybox":false,"showFlares":true,"showImageEffects":true,"showParticleSystems":true,"showVisualEffectGraphs":true,"m_FxEnabled":true},"in2DMode":false,"pivot":{"x":27.43135643005371,"y":4.836207866668701,"z":4.9960527420043949},"rotation":{"x":0.1390993595123291,"y":-0.24330836534500123,"z":0.035280000418424609,"w":0.9592815041542053},"size":0.8660253882408142,"orthographic":false}